test,top,vsim_args,status,reason,seconds,log
tb_m2_missing_card_page,tb_m2_loading_card,-gERROR_PAGE=1,PASS,PASS marker,1.56,D:\AnlogicProject\FPGA_Competition_HDMI\sim_work\m2_loading_info_regression\run_01_tb_m2_missing_card_page.log
tb_m2_cache_command_cdc,tb_m2_cache_command_cdc,,PASS,PASS marker,1.31,D:\AnlogicProject\FPGA_Competition_HDMI\sim_work\m2_loading_info_regression\run_02_tb_m2_cache_command_cdc.log
tb_m2_cache_command_router,tb_m2_cache_command_router,,PASS,PASS marker,1.27,D:\AnlogicProject\FPGA_Competition_HDMI\sim_work\m2_loading_info_regression\run_03_tb_m2_cache_command_router.log
tb_m2_caption_cache,tb_m2_caption_cache,,PASS,PASS marker,1.31,D:\AnlogicProject\FPGA_Competition_HDMI\sim_work\m2_loading_info_regression\run_04_tb_m2_caption_cache.log
tb_m2_remote_compact,tb_m2_remote_frame_filename,-gCOMPACT=1,PASS,PASS marker,1.33,D:\AnlogicProject\FPGA_Competition_HDMI\sim_work\m2_loading_info_regression\run_05_tb_m2_remote_compact.log
tb_m2_remote_compact_bottomup,tb_m2_remote_frame_filename,-gCOMPACT=1 -gBOTTOM_UP=1,PASS,PASS marker,1.32,D:\AnlogicProject\FPGA_Competition_HDMI\sim_work\m2_loading_info_regression\run_06_tb_m2_remote_compact_bottomup.log
tb_m2_loading_card,tb_m2_loading_card,,PASS,PASS marker,1.62,D:\AnlogicProject\FPGA_Competition_HDMI\sim_work\m2_loading_info_regression\run_07_tb_m2_loading_card.log
tb_m2_image_subtitle,tb_m2_image_subtitle,,PASS,PASS marker,1.58,D:\AnlogicProject\FPGA_Competition_HDMI\sim_work\m2_loading_info_regression\run_08_tb_m2_image_subtitle.log
tb_m2_image_info_overlay,tb_m2_image_info_overlay,,PASS,PASS marker,1.74,D:\AnlogicProject\FPGA_Competition_HDMI\sim_work\m2_loading_info_regression\run_09_tb_m2_image_info_overlay.log
tb_m2_caption_commit,tb_m2_caption_commit,,PASS,PASS marker,1.34,D:\AnlogicProject\FPGA_Competition_HDMI\sim_work\m2_loading_info_regression\run_10_tb_m2_caption_commit.log
tb_m2_remote_frame_filename,tb_m2_remote_frame_filename,,PASS,PASS marker,1.34,D:\AnlogicProject\FPGA_Competition_HDMI\sim_work\m2_loading_info_regression\run_11_tb_m2_remote_frame_filename.log
tb_fat32_scan_mbr,tb_fat32_scan,,PASS,PASS marker,1.32,D:\AnlogicProject\FPGA_Competition_HDMI\sim_work\m2_loading_info_regression\run_12_tb_fat32_scan_mbr.log
tb_fat32_scan_superfloppy,tb_fat32_scan,-gSUPERFLOPPY=1,PASS,PASS marker,1.29,D:\AnlogicProject\FPGA_Competition_HDMI\sim_work\m2_loading_info_regression\run_13_tb_fat32_scan_superfloppy.log
tb_m1a_fat32_catalog,tb_m1a_fat32_catalog,,PASS,PASS marker,1.37,D:\AnlogicProject\FPGA_Competition_HDMI\sim_work\m2_loading_info_regression\run_14_tb_m1a_fat32_catalog.log
tb_p1_sdram_hdmi_pipeline,tb_p1_sdram_hdmi_pipeline,,PASS,PASS marker,1.46,D:\AnlogicProject\FPGA_Competition_HDMI\sim_work\m2_loading_info_regression\run_15_tb_p1_sdram_hdmi_pipeline.log
tb_p1_sdram_hdmi_cached_chain,tb_p1_sdram_hdmi_cached_chain,,PASS,PASS marker,1.41,D:\AnlogicProject\FPGA_Competition_HDMI\sim_work\m2_loading_info_regression\run_16_tb_p1_sdram_hdmi_cached_chain.log
tb_m2_loading_overlay_double_buffer_e2e,tb_m2_loading_overlay_double_buffer_e2e,,PASS,PASS marker,7.11,D:\AnlogicProject\FPGA_Competition_HDMI\sim_work\m2_loading_info_regression\run_17_tb_m2_loading_overlay_double_buffer_e2e.log
tb_m1a_catalog_table,tb_m1a_catalog_table,,PASS,PASS marker,1.32,D:\AnlogicProject\FPGA_Competition_HDMI\sim_work\m2_loading_info_regression\run_18_tb_m1a_catalog_table.log
tb_m2_remote_frame_link,tb_m2_remote_frame_link,,PASS,PASS marker,1.35,D:\AnlogicProject\FPGA_Competition_HDMI\sim_work\m2_loading_info_regression\run_19_tb_m2_remote_frame_link.log
tb_m2_remote_frame_idle_resync,tb_m2_remote_frame_idle_resync,,PASS,PASS marker,1.33,D:\AnlogicProject\FPGA_Competition_HDMI\sim_work\m2_loading_info_regression\run_20_tb_m2_remote_frame_idle_resync.log
tb_async_fifo,tb_async_fifo,,PASS,PASS marker,1.38,D:\AnlogicProject\FPGA_Competition_HDMI\sim_work\m2_loading_info_regression\run_21_tb_async_fifo.log
tb_p1_sdram_read_cdc_bridge,tb_p1_sdram_read_cdc_bridge,,PASS,PASS marker,1.37,D:\AnlogicProject\FPGA_Competition_HDMI\sim_work\m2_loading_info_regression\run_22_tb_p1_sdram_read_cdc_bridge.log
tb_line_prefetcher,tb_line_prefetcher,,PASS,PASS marker,1.33,D:\AnlogicProject\FPGA_Competition_HDMI\sim_work\m2_loading_info_regression\run_23_tb_line_prefetcher.log
tb_line_buffer_pingpong,tb_line_buffer_pingpong,,PASS,PASS marker,1.29,D:\AnlogicProject\FPGA_Competition_HDMI\sim_work\m2_loading_info_regression\run_24_tb_line_buffer_pingpong.log
tb_hdmi_framebuffer_scanout,tb_hdmi_framebuffer_scanout,,PASS,PASS marker,1.29,D:\AnlogicProject\FPGA_Competition_HDMI\sim_work\m2_loading_info_regression\run_25_tb_hdmi_framebuffer_scanout.log
tb_sdram_arbiter,tb_sdram_arbiter,,PASS,PASS marker,1.32,D:\AnlogicProject\FPGA_Competition_HDMI\sim_work\m2_loading_info_regression\run_26_tb_sdram_arbiter.log
tb_p1_sdram_cached_adapter,tb_p1_sdram_cached_adapter,,PASS,PASS marker,1.35,D:\AnlogicProject\FPGA_Competition_HDMI\sim_work\m2_loading_info_regression\run_27_tb_p1_sdram_cached_adapter.log
tb_m2_media_write_cdc,tb_m2_media_write_cdc,,PASS,PASS marker,1.36,D:\AnlogicProject\FPGA_Competition_HDMI\sim_work\m2_loading_info_regression\run_28_tb_m2_media_write_cdc.log
